encoder,noise,n_seeds,accuracy_mean,accuracy_std,accuracy_lo,accuracy_hi,ece_mean,ece_std,ece_lo,ece_hi,brier_mean,brier_std,brier_lo,brier_hi,fidelity_mean,fidelity_std,fidelity_lo,fidelity_hi,mean_peak_mean,mean_peak_std,mean_peak_lo,mean_peak_hi,flagged_mean,flagged_std,flagged_lo,flagged_hi
basis,0.0,10,1.0,0.0,1.0,1.0,0.0015992811873426493,7.44561562934551e-07,0.0015987485600866837,0.001599813814598615,3.410944917389297e-06,3.642677183864012e-09,3.408339103109598e-06,3.4135507316689963e-06,1.0,0.0,1.0,1.0,0.9984007188126574,7.44561562934551e-07,0.9984001861854014,0.9984012514399133,0.0,0.0,0.0,0.0
basis,0.05,10,0.9745700000000002,0.00225391018257407,0.9729576497854582,0.9761823502145421,0.0018845973875308176,0.0012756459263477012,0.0009720552645446437,0.0027971395105169912,0.049671976581321865,0.00431301769575067,0.04658662958709294,0.05275732357555079,0.9751181875,0.0004428523491243772,0.9748013900137286,0.9754349849862715,0.9746091727697243,0.002161577978142614,0.9730628730352658,0.9761554725041827,0.0,0.0,0.0,0.0
basis,0.1,10,0.95024,0.002587233614843799,0.948389204566262,0.952090795433738,0.004850630424090552,0.002252823353815525,0.0032390576800066214,0.006462203168174482,0.09486236115327444,0.0047426113411767985,0.09146970137802882,0.09825502092852006,0.95054275,0.0008682987037240276,0.9499216065258457,0.9511638934741543,0.9480946799553671,0.004548332427737593,0.9448409989425347,0.9513483609681995,0.0,0.0,0.0,0.0
basis,0.2,10,0.9020100000000001,0.0018314839156633002,0.9006998353327561,0.9033201646672441,0.02293903845411736,0.006719149579295586,0.018132448400318378,0.027745628507916342,0.17774883582640885,0.003159663278015873,0.17548854887993828,0.18000912277287942,0.9023110000000001,0.001667181253893315,0.9011183703765226,0.9035036296234775,0.9033859342108201,0.007216241921180348,0.8982237457173488,0.9085481227042915,0.0,0.0,0.0,0.0
angle,0.0,10,0.6679,0.004926120853842983,0.6643760654275573,0.6714239345724428,0.011450270389614058,0.009557824653756236,0.004613014517492858,0.018287526261735257,0.5113121867775727,0.00565313875240067,0.5072681749306325,0.515356198624513,1.0,0.0,1.0,1.0,0.6744708102153789,0.009302324260575364,0.6678163283139978,0.68112529211676,1000.3,1292.4068889736957,75.76780664860473,1924.8321933513953
angle,0.05,10,0.63947,0.0036757614479482007,0.6368405186635095,0.6420994813364904,0.015324033152943528,0.013967698731190486,0.005332143405068724,0.025315922900818334,0.5420163012187119,0.0036298935050187377,0.5394196318319587,0.5446129706054651,0.9506250000000002,1.1702778228589004e-16,0.950625,0.9506250000000003,0.6511489906806449,0.00881697021252519,0.6448417101493774,0.6574562712119124,5266.7,1842.5446202949274,3948.6229813129275,6584.777018687072
angle,0.1,10,0.6157,0.004139511511707096,0.6127387718527553,0.6186612281472448,0.018831693995029833,0.014744562946342788,0.008284069065844349,0.029379318924215317,0.5651501725477486,0.0031443941845027685,0.5629008084527706,0.5673995366427266,0.9024999999999999,9.064933036736789e-17,0.9024999999999997,0.9025,0.6248932071936816,0.006117357328057836,0.6205171133827652,0.629269301004598,7999.2,2309.648352262983,6346.977100844909,9651.422899155092
angle,0.2,10,0.5713999999999999,0.005174295443181941,0.5676985320211871,0.5751014679788127,0.019971731829784893,0.011152961400705291,0.011993383869766106,0.02795007978980368,0.6057931908332016,0.004445998152651096,0.6026127153507698,0.6089736663156334,0.8100000000000002,1.1702778228589004e-16,0.81,0.8100000000000003,0.5825025987905416,0.008687210560201917,0.5762881427226798,0.5887170548584033,10000.0,0.0,10000.0,10000.0
entangling,0.0,10,0.66757,0.0045279502352977945,0.6643308995292883,0.6708091004707117,0.011501293920914478,0.007594361116516781,0.006068615249779112,0.016933972592049845,0.512049156194269,0.005018233393682989,0.5084593282803254,0.5156389841082127,1.0,0.0,1.0,1.0,0.6735239745636099,0.009610245076847178,0.6666492193798167,0.6803987297474031,1262.8,1798.4375193792837,-23.724699444721637,2549.324699444722
entangling,0.05,10,0.62203,0.0031155702171156235,0.6198012553291498,0.6242587446708502,0.014897550600366937,0.0067826019488274195,0.010045569455823154,0.01974953174491072,0.5599341620114309,0.0031988573881667265,0.5576458372875905,0.5622224867352712,0.90993067266851,7.054082838888446e-05,0.9098802107997691,0.9099811345372509,0.6369275506003669,0.007156017564660419,0.6318084440162397,0.642046657184494,8255.1,2067.987559064233,6775.750818161983,9734.449181838017
entangling,0.1,10,0.58192,0.006492354477896816,0.577275649388227,0.586564350611773,0.022078762878608507,0.01442110635410911,0.011762524856459122,0.03239500090075789,0.5982730108972297,0.005280898425717835,0.5944952837386629,0.6020507380557966,0.8270846977540012,0.00012662176397782704,0.8269941180006934,0.8271752775073089,0.588252680417495,0.007263753766719276,0.583056503997202,0.593448856837788,10000.0,0.0,10000.0,10000.0
entangling,0.2,10,0.50431,0.00647635871630211,0.49967709206675004,0.50894290793325,0.019864490743731318,0.010934046472062095,0.012042745089737517,0.02768623639772512,0.6592686586279134,0.004254405544104669,0.6562252402411383,0.6623120770146885,0.68193631250015,0.0002000936517180823,0.6817931741245525,0.6820794508757474,0.5128723716449196,0.0087236767255756,0.5066318292538236,0.5191129140360157,10000.0,0.0,10000.0,10000.0
