seed_index,train_seed,test_seed,encoder,noise,accuracy,ece,brier,fidelity,mean_peak,flagged,flag_0.55,flag_0.58,flag_0.6,flag_0.62,flag_0.64,flag_0.65,flag_0.66,flag_0.68,flag_0.7,flag_0.705,flag_0.75
0,42,100,basis,0.0,1.0,0.001598755106237526,3.408510414566239e-06,1.0,0.9984012448937625,0,0,0,0,0,0,0,0,0,0,0,0
0,42,100,basis,0.05,0.9745,0.00433104851658217,0.04980004413358175,0.974965625,0.9701689514834179,0,0,0,0,0,0,0,0,0,0,0,0
0,42,100,basis,0.1,0.9508,0.0050239975494014155,0.0937804909454522,0.9502375,0.9457760024505986,0,0,0,0,0,0,0,0,0,0,0,0
0,42,100,basis,0.2,0.903,0.021954881300898725,0.1762073337367624,0.9017,0.9076571815882472,0,0,0,0,0,0,0,0,0,0,0,0
0,42,100,angle,0.0,0.6677,0.005056946059374456,0.5113775055155162,1.0,0.6727569460593744,0,0,0,0,0,0,0,2401,7439,10000,10000,10000
0,42,100,angle,0.05,0.637,0.01176695472580136,0.5456212537849793,0.950625,0.6487669547258014,5063,0,0,0,0,2528,5063,7501,10000,10000,10000,10000
0,42,100,angle,0.1,0.6119,0.006418656739710891,0.5676292647668595,0.9025,0.6183186567397108,10000,0,0,2484,4903,7507,10000,10000,10000,10000,10000,10000
0,42,100,angle,0.2,0.5687,0.013380584393257205,0.6079733157854224,0.81,0.5820805843932573,10000,0,5113,7572,10000,10000,10000,10000,10000,10000,10000,10000
0,42,100,entangling,0.0,0.6686,0.004871462630462675,0.5106737724865882,1.0,0.6637285373695373,0,0,0,0,0,0,0,5088,10000,10000,10000,10000
0,42,100,entangling,0.05,0.6201,0.0037793223238692386,0.5623974804028836,0.909902922483315,0.6238793223238692,10000,0,0,0,5068,7546,10000,10000,10000,10000,10000,10000
0,42,100,entangling,0.1,0.5915,0.032491413644467414,0.5893320504076701,0.8270348857872246,0.599153176776149,10000,0,0,5091,7538,10000,10000,10000,10000,10000,10000,10000
0,42,100,entangling,0.2,0.5138,0.006569198288623597,0.6522803565371983,0.6818575972933917,0.5072308017113765,10000,10000,10000,10000,10000,10000,10000,10000,10000,10000,10000,10000
1,1042,1100,basis,0.0,1.0,0.0015998252532739565,3.4134183591905223e-06,1.0,0.998400174746726,0,0,0,0,0,0,0,0,0,0,0,0
1,1042,1100,basis,0.05,0.9733,0.0013300741678575756,0.052080649347766496,0.974965625,0.9746300741678576,0,0,0,0,0,0,0,0,0,0,0,0
1,1042,1100,basis,0.1,0.948,0.0023830325479279324,0.09891784607514585,0.9502375,0.9503830325479279,0,0,0,0,0,0,0,0,0,0,0,0
1,1042,1100,basis,0.2,0.906,0.01590975439677108,0.17124071651206071,0.9017,0.9028331537974271,0,0,0,0,0,0,0,0,0,0,0,0
1,1042,1100,angle,0.0,0.6785,0.008459824704045604,0.49967125892775455,1.0,0.6869598247040456,0,0,0,0,0,0,0,0,2413,10000,10000,10000
1,1042,1100,angle,0.05,0.6436,0.009638335845914336,0.5374133344941548,0.950625,0.6532383358459143,5155,0,0,0,0,0,5155,7575,10000,10000,10000,10000
1,1042,1100,angle,0.1,0.61,0.013079349909087212,0.5698905731391509,0.9025,0.6230793499090872,10000,0,0,0,2560,10000,10000,10000,10000,10000,10000,10000
1,1042,1100,angle,0.2,0.5697,0.01681644452506961,0.6069323324378435,0.81,0.5835019592807382,10000,0,5008,7494,10000,10000,10000,10000,10000,10000,10000,10000
1,1042,1100,entangling,0.0,0.6651,0.033712349782169804,0.5151808849489411,1.0,0.6988123497821698,0,0,0,0,0,0,0,0,0,7612,10000,10000
1,1042,1100,entangling,0.05,0.6295,0.017409134531945814,0.552909435962281,0.909902922483315,0.6469091345319458,5115,0,0,0,0,2634,5115,10000,10000,10000,10000,10000
1,1042,1100,entangling,0.1,0.584,0.012029309178707825,0.5955380560261215,0.8270348857872246,0.5960293091787078,10000,0,0,7566,10000,10000,10000,10000,10000,10000,10000,10000
1,1042,1100,entangling,0.2,0.4982,0.015145881484754485,0.6621562136292902,0.6818575972933917,0.5133458814847545,10000,10000,10000,10000,10000,10000,10000,10000,10000,10000,10000,10000
2,2042,2100,basis,0.0,1.0,0.0016003251185384704,3.4157700061040887e-06,1.0,0.9983996748814615,0,0,0,0,0,0,0,0,0,0,0,0
2,2042,2100,basis,0.05,0.9757,0.0031772421990070576,0.047596626495911606,0.974965625,0.9788772421990071,0,0,0,0,0,0,0,0,0,0,0,0
2,2042,2100,basis,0.1,0.9472,0.0029716451536393462,0.10053150168016366,0.9502375,0.9442283548463607,0,0,0,0,0,0,0,0,0,0,0,0
2,2042,2100,basis,0.2,0.8973,0.02535522427728803,0.18660228937258966,0.9017,0.9132151499862623,0,0,0,0,0,0,0,0,0,0,0,0
2,2042,2100,angle,0.0,0.6689,0.005225257596395472,0.5103814107667547,1.0,0.6741252575963955,0,0,0,0,0,0,0,0,7460,10000,10000,10000
2,2042,2100,angle,0.05,0.6483,0.0051356516641318795,0.5361491347522267,0.950625,0.6534356516641319,5060,0,0,0,2518,2518,5060,5060,7542,10000,10000,10000
2,2042,2100,angle,0.1,0.6122,0.016448711768433877,0.5684114045401002,0.9025,0.6286487117684338,10000,0,0,0,2403,7489,10000,10000,10000,10000,10000,10000
2,2042,2100,angle,0.2,0.57,0.0223263036116512,0.6071184679999929,0.81,0.5923263036116512,10000,0,0,7489,10000,10000,10000,10000,10000,10000,10000,10000
2,2042,2100,entangling,0.0,0.6707,0.0015328004668394568,0.5086143047001004,1.0,0.6722328004668394,0,0,0,0,0,0,0,0,7613,10000,10000,10000
2,2042,2100,entangling,0.05,0.6286,0.026772311475719124,0.5538500081953677,0.909902922483315,0.6553723114757192,4865,0,0,0,0,0,4865,7483,10000,10000,10000,10000
2,2042,2100,entangling,0.1,0.5817,0.0094161606892604,0.596488478653126,0.8270348857872246,0.5911161606892603,10000,0,4894,4894,10000,10000,10000,10000,10000,10000,10000,10000
2,2042,2100,entangling,0.2,0.5076,0.0022350352888048652,0.6557021581137827,0.6818575972933917,0.5053649647111952,10000,10000,10000,10000,10000,10000,10000,10000,10000,10000,10000,10000
3,3042,3100,basis,0.0,1.0,0.001598467235548351,3.4068572889782697e-06,1.0,0.9984015327644516,0,0,0,0,0,0,0,0,0,0,0,0
3,3042,3100,basis,0.05,0.9714,0.0007870609032419873,0.05567726585838489,0.974965625,0.970612939096758,0,0,0,0,0,0,0,0,0,0,0,0
3,3042,3100,basis,0.1,0.9521,0.006630110213277973,0.09132107352554544,0.9502375,0.945469889786722,0,0,0,0,0,0,0,0,0,0,0,0
3,3042,3100,basis,0.2,0.906,0.03164223913396992,0.17069752422767523,0.9017,0.9071954971234462,0,0,0,0,0,0,0,0,0,0,0,0
3,3042,3100,angle,0.0,0.6636,0.011535425905589092,0.5161661576635198,1.0,0.6751354259055891,0,0,0,0,0,0,0,0,7504,10000,10000,10000
3,3042,3100,angle,0.05,0.6452,0.01674470001295203,0.5364045790191695,0.950625,0.628455299987048,10000,0,0,0,4905,7506,10000,10000,10000,10000,10000,10000
3,3042,3100,angle,0.1,0.6205,0.0024583072205079937,0.5594478035154061,0.9025,0.622958307220508,10000,0,0,0,4934,7377,10000,10000,10000,10000,10000,10000
3,3042,3100,angle,0.2,0.5731,0.04181290228212281,0.6056827965564084,0.81,0.5945296991412441,10000,0,2489,5048,7520,10000,10000,10000,10000,10000,10000,10000
3,3042,3100,entangling,0.0,0.6692,0.019448069801067048,0.5097429765768349,1.0,0.6886480698010672,0,0,0,0,0,0,0,0,2466,7472,10000,10000
3,3042,3100,entangling,0.05,0.6228,0.01846098418548292,0.5590812076102749,0.909902922483315,0.6412609841854829,7593,0,0,0,2665,2665,7593,10000,10000,10000,10000,10000
3,3042,3100,entangling,0.1,0.5822,0.029388595662551142,0.5975213250679381,0.8270348857872246,0.6049699184594789,10000,0,0,2581,10000,10000,10000,10000,10000,10000,10000,10000
3,3042,3100,entangling,0.2,0.5094,0.015711422171072915,0.6555090717753482,0.6818575972933917,0.49980427064993094,10000,10000,10000,10000,10000,10000,10000,10000,10000,10000,10000,10000
4,4042,4100,basis,0.0,1.0,0.0015983371686181247,3.406425131373651e-06,1.0,0.9984016628313819,0,0,0,0,0,0,0,0,0,0,0,0
4,4042,4100,basis,0.05,0.9739,0.002079046052540834,0.05097952518239555,0.974965625,0.9759790460525408,0,0,0,0,0,0,0,0,0,0,0,0
4,4042,4100,basis,0.1,0.9494,0.0015057827667603885,0.09629013890676363,0.9502375,0.9478942172332396,0,0,0,0,0,0,0,0,0,0,0,0
4,4042,4100,basis,0.2,0.9009,0.03511092084239098,0.1799858970017867,0.9017,0.9099109531638336,0,0,0,0,0,0,0,0,0,0,0,0
4,4042,4100,angle,0.0,0.6665,0.007549069984641443,0.5123053053743332,1.0,0.6740490699846414,0,0,0,0,0,0,0,0,7394,10000,10000,10000
4,4042,4100,angle,0.05,0.6377,0.015448945105702272,0.5427607389331944,0.950625,0.6531489451057023,2463,0,0,0,0,2463,2463,7608,10000,10000,10000,10000
4,4042,4100,angle,0.1,0.6136,0.006907295583473805,0.5665391395799413,0.9025,0.6205072955834738,10000,0,0,0,4943,10000,10000,10000,10000,10000,10000,10000
4,4042,4100,angle,0.2,0.5631,0.03690501375736167,0.618318464524578,0.81,0.6000050137573617,10000,0,2591,5085,7490,7490,10000,10000,10000,10000,10000,10000
4,4042,4100,entangling,0.0,0.671,0.0002265138633302799,0.5075317456039993,1.0,0.6712265138633303,0,0,0,0,0,0,0,0,10000,10000,10000,10000
4,4042,4100,entangling,0.05,0.6236,0.016390843687346668,0.5609908393594109,0.909902922483315,0.6399908436873467,7544,0,0,0,2550,5058,7544,7544,10000,10000,10000,10000
4,4042,4100,entangling,0.1,0.5836,0.026364870916622058,0.5978151178052428,0.8270348857872246,0.5949688642744805,10000,0,2416,5035,10000,10000,10000,10000,10000,10000,10000,10000
4,4042,4100,entangling,0.2,0.5017,0.02763717856380421,0.6615034077719382,0.6818575972933917,0.5293371785638042,10000,10000,10000,10000,10000,10000,10000,10000,10000,10000,10000,10000
5,5042,5100,basis,0.0,1.0,0.00159876164423145,3.40834434568016e-06,1.0,0.9984012383557685,0,0,0,0,0,0,0,0,0,0,0,0
5,5042,5100,basis,0.05,0.9714,0.002592614458794884,0.05575343472372794,0.974965625,0.9739926144587949,0,0,0,0,0,0,0,0,0,0,0,0
5,5042,5100,basis,0.1,0.9512,0.0013280627571728987,0.09305024241123416,0.9502375,0.9498719372428271,0,0,0,0,0,0,0,0,0,0,0,0
5,5042,5100,basis,0.2,0.908,0.023622473434879165,0.16837243140402433,0.9017,0.9074329382589751,0,0,0,0,0,0,0,0,0,0,0,0
5,5042,5100,angle,0.0,0.6675,0.015653951420171574,0.5134982227546394,1.0,0.6756955096269808,2537,0,0,0,0,0,2537,2537,5141,7578,10000,10000
5,5042,5100,angle,0.05,0.6446,0.02635786080669289,0.5368242962107034,0.950625,0.6709578608066928,0,0,0,0,0,0,0,0,7545,10000,10000,10000
5,5042,5100,angle,0.1,0.6186,0.00633165522272483,0.561928174260773,0.9025,0.6249316552227249,10000,0,0,0,5115,7519,10000,10000,10000,10000,10000,10000
5,5042,5100,angle,0.2,0.5711,0.048455874729164405,0.6077571043333299,0.81,0.5803650539162888,10000,2573,5006,5006,10000,10000,10000,10000,10000,10000,10000,10000
5,5042,5100,entangling,0.0,0.6695,0.00790996034119451,0.5101806201969508,1.0,0.6774099603411945,0,0,0,0,0,0,0,0,5068,10000,10000,10000
5,5042,5100,entangling,0.05,0.6228,0.006573894887117904,0.5584384896684517,0.909902922483315,0.6293738948871179,10000,0,0,0,2479,7511,10000,10000,10000,10000,10000,10000
5,5042,5100,entangling,0.1,0.5817,0.018473544687934974,0.5993491773093484,0.8270348857872246,0.5892089615544414,10000,0,2594,5009,10000,10000,10000,10000,10000,10000,10000,10000
5,5042,5100,entangling,0.2,0.5057,0.024408726818371564,0.6590151361446841,0.6818575972933917,0.5030373228619864,10000,10000,10000,10000,10000,10000,10000,10000,10000,10000,10000,10000
6,6042,6100,basis,0.0,1.0,0.001599746042826533,3.4131225382324235e-06,1.0,0.9984002539571735,0,0,0,0,0,0,0,0,0,0,0,0
6,6042,6100,basis,0.05,0.9769,0.0019225064346531928,0.04519600125929171,0.974965625,0.9749774935653468,0,0,0,0,0,0,0,0,0,0,0,0
6,6042,6100,basis,0.1,0.9503,0.000924771321137885,0.09469137705618953,0.9502375,0.9493752286788621,0,0,0,0,0,0,0,0,0,0,0,0
6,6042,6100,basis,0.2,0.9038,0.01391915336067745,0.17505125143731948,0.9017,0.8898808466393228,0,0,0,0,0,0,0,0,0,0,0,0
6,6042,6100,angle,0.0,0.6567,0.02671427375271177,0.5250645961258092,1.0,0.6834142737527118,0,0,0,0,0,0,0,0,2603,7545,10000,10000
6,6042,6100,angle,0.05,0.6402,0.003654552452007853,0.5416281577690087,0.950625,0.6438545524520078,5020,0,0,0,0,2552,5020,7449,10000,10000,10000,10000
6,6042,6100,angle,0.1,0.6245,0.018046473103640825,0.5558216896847625,0.9025,0.6425464731036409,7573,0,0,0,0,2502,7573,10000,10000,10000,10000,10000
6,6042,6100,angle,0.2,0.5741,0.027442477522168662,0.6028904853699387,0.81,0.5930677560474298,10000,0,2583,5092,10000,10000,10000,10000,10000,10000,10000,10000
6,6042,6100,entangling,0.0,0.6739,0.0014961030444482493,0.5054024821383799,1.0,0.6753961030444483,0,0,0,0,0,0,0,0,4997,10000,10000,10000
6,6042,6100,entangling,0.05,0.6241,0.013311325218723025,0.5603667827825051,0.909902922483315,0.637411325218723,7510,0,0,0,2495,7510,7510,7510,10000,10000,10000,10000
6,6042,6100,entangling,0.1,0.5896,0.007257704325843502,0.5900891042359684,0.8270348857872246,0.5917535334695204,10000,0,2466,4925,10000,10000,10000,10000,10000,10000,10000,10000
6,6042,6100,entangling,0.2,0.5003,0.01683021923406229,0.6608049365473143,0.6818575972933917,0.5171302192340622,10000,10000,10000,10000,10000,10000,10000,10000,10000,10000,10000,10000
7,7042,7100,basis,0.0,1.0,0.0015995858611362879,3.4122245561955366e-06,1.0,0.9984004141388637,0,0,0,0,0,0,0,0,0,0,0,0
7,7042,7100,basis,0.05,0.9731,0.001217389531244062,0.0524766997256747,0.974965625,0.974317389531244,0,0,0,0,0,0,0,0,0,0,0,0
7,7042,7100,basis,0.1,0.9507,0.002539282164115697,0.09403912703030874,0.9502375,0.9532392821641157,0,0,0,0,0,0,0,0,0,0,0,0
7,7042,7100,basis,0.2,0.8968,0.01870735674331567,0.1857715773686595,0.9017,0.8934185026487292,0,0,0,0,0,0,0,0,0,0,0,0
7,7042,7100,angle,0.0,0.6699,0.005015538754488236,0.5095886255395445,1.0,0.6749155387544883,0,0,0,0,0,0,0,0,5064,10000,10000,10000
7,7042,7100,angle,0.05,0.6357,0.020619820826484392,0.5453411037911267,0.950625,0.6563198208264844,2617,0,0,0,0,0,2617,5076,10000,10000,10000,10000
7,7042,7100,angle,0.1,0.6154,0.011473977349519382,0.5657567291197247,0.9025,0.6268739773495193,10000,0,0,0,5119,7535,10000,10000,10000,10000,10000,10000
7,7042,7100,angle,0.2,0.5711,0.018394646018865674,0.6070483998618499,0.81,0.5775516814878231,10000,0,7575,7575,10000,10000,10000,10000,10000,10000,10000,10000
7,7042,7100,entangling,0.0,0.6673,0.010020629443260987,0.5129236085785489,1.0,0.677320629443261,0,0,0,0,0,0,0,2565,5135,10000,10000,10000
7,7042,7100,entangling,0.05,0.6293,0.008060203575202502,0.5516761388871274,0.909902922483315,0.6212397964247973,10000,0,0,2457,4935,7463,10000,10000,10000,10000,10000,10000
7,7042,7100,entangling,0.1,0.581,0.023686620362606152,0.599809007564871,0.8270348857872246,0.5990418579688345,10000,0,2434,2434,7467,10000,10000,10000,10000,10000,10000,10000
7,7042,7100,entangling,0.2,0.4984,0.04414333113464694,0.6659127992677337,0.6818575972933917,0.5235810774799109,10000,7469,10000,10000,10000,10000,10000,10000,10000,10000,10000,10000
8,8042,8100,basis,0.0,1.0,0.001599394668632903,3.4115037649123536e-06,1.0,0.9984006053313671,0,0,0,0,0,0,0,0,0,0,0,0
8,8042,8100,basis,0.05,0.9727,0.002823890880681801,0.05327284589753051,0.974965625,0.9755238908806818,0,0,0,0,0,0,0,0,0,0,0,0
8,8042,8100,basis,0.1,0.9476,0.008400004408358974,0.09982809965645788,0.9502375,0.956000004408359,0,0,0,0,0,0,0,0,0,0,0,0
8,8042,8100,basis,0.2,0.9052,0.026056352778327824,0.17255093141927627,0.9017,0.9044492635155802,0,0,0,0,0,0,0,0,0,0,0,0
8,8042,8100,angle,0.0,0.6723,0.0034716647110124566,0.5066838197180509,1.0,0.6757716647110125,0,0,0,0,0,0,0,0,10000,10000,10000,10000
8,8042,8100,angle,0.05,0.6513,0.017175908047412314,0.5290200700457777,0.950625,0.6684759080474123,0,0,0,0,0,0,0,2434,7409,10000,10000,10000
8,8042,8100,angle,0.1,0.6153,0.013688408077196623,0.5656219981807948,0.9025,0.6289884080771966,10000,0,0,0,2486,7565,10000,10000,10000,10000,10000,10000
8,8042,8100,angle,0.2,0.5637,0.025638887074816902,0.611739539381402,0.81,0.5893388870748169,10000,0,2488,7499,10000,10000,10000,10000,10000,10000,10000,10000
8,8042,8100,entangling,0.0,0.6674,0.016929689704690092,0.5123693630794212,1.0,0.6843296897046901,0,0,0,0,0,0,0,2481,2481,7428,10000,10000
8,8042,8100,entangling,0.05,0.6302,0.002907290453363909,0.5525986704449067,0.909902922483315,0.6331072904533639,10000,0,0,0,2592,5152,10000,10000,10000,10000,10000,10000
8,8042,8100,entangling,0.1,0.5736,0.02020202374718679,0.6058694906407232,0.8270348857872246,0.5895707326532533,10000,0,5111,7581,7581,10000,10000,10000,10000,10000,10000,10000
8,8042,8100,entangling,0.2,0.5017,0.018959747336164637,0.6602533129092915,0.6818575972933917,0.5206597473361646,10000,10000,10000,10000,10000,10000,10000,10000,10000,10000,10000,10000
9,9042,9100,basis,0.0,1.0,0.0015990242943176858,3.4100544518944518e-06,1.0,0.9984009757056823,0,0,0,0,0,0,0,0,0,0,0,0
9,9042,9100,basis,0.05,0.9744,0.0007637376760299963,0.049989435541439815,0.974965625,0.97363626232397,0,0,0,0,0,0,0,0,0,0,0,0
9,9042,9100,basis,0.1,0.9516,0.002215897728509497,0.09241042891569017,0.9502375,0.9538158977285095,0,0,0,0,0,0,0,0,0,0,0,0
9,9042,9100,basis,0.2,0.9,0.019580902915097016,0.18097008326713535,0.9017,0.899644805354984,0,0,0,0,0,0,0,0,0,0,0,0
9,9042,9100,angle,0.0,0.6668,0.00966367165972104,0.5128585260355712,1.0,0.676463671659721,0,0,0,0,0,0,0,0,7484,10000,10000,10000
9,9042,9100,angle,0.05,0.6404,0.02647726400572359,0.5424629280057506,0.950625,0.6668772640057236,0,0,0,0,0,0,0,5048,7491,10000,10000,10000
9,9042,9100,angle,0.1,0.6226,0.020971616017871342,0.5591051320063208,0.9025,0.6435716160178714,4932,0,0,0,4932,4932,4932,7484,7484,10000,10000,10000
9,9042,9100,angle,0.2,0.5683,0.017267290817110283,0.6076509901506639,0.81,0.5772716965113976,10000,0,5122,7591,10000,10000,10000,10000,10000,10000,10000,10000
9,9042,9100,entangling,0.0,0.6672,0.02308193508070211,0.5155183772790657,1.0,0.672972349711294,5064,0,0,0,0,2473,5064,5064,5064,7509,7509,10000
9,9042,9100,entangling,0.05,0.627,0.01245108721095145,0.5570868631424961,0.909902922483315,0.6394510872109515,5020,0,0,0,5020,5020,5020,7507,10000,10000,10000,10000
9,9042,9100,entangling,0.1,0.5767,0.012610942157405991,0.6020990942657132,0.8270348857872246,0.589310942157406,10000,0,0,10000,10000,10000,10000,10000,10000,10000,10000,10000
9,9042,9100,entangling,0.2,0.508,0.04017533323048655,0.6596178603341377,0.6818575972933917,0.517267100370391,10000,10000,10000,10000,10000,10000,10000,10000,10000,10000,10000,10000
