tau,flagged_mean,flagged_std,flagged_min,flagged_max,rate_pct_mean
0.55,10004.2,1203.0569211619022,7469,12573,8.336833333333335
0.58,15789.0,2074.3458406607774,12489,20009,13.1575
0.6,22550.8,3124.3752015403015,17629,27591,18.792333333333332
0.62,36021.8,2913.8924253765213,32495,40024,30.01816666666667
0.64,44051.5,2414.382426211722,40007,47581,36.709583333333335
0.65,51313.1,3403.5895904177405,45016,57593,42.76091666666667
0.66,56541.5,3753.3573193431325,52537,64990,47.117916666666666
0.68,70279.7,4602.186389822415,62413,77439,58.56641666666667
0.7,78514.4,1279.610548391797,77428,80000,65.42866666666666
0.705,79750.9,787.7233651479434,77509,80000,66.45908333333333
0.75,80000.0,0.0,80000,80000,66.66666666666667
