encoder,noise,feature,importance
basis,0.0,b0,0.22442329506599762
basis,0.0,b1,0.22831423339051926
basis,0.0,parity,0.16947092831534039
basis,0.0,weight,0.27914773792250885
basis,0.0,correlation,0.09864380530563377
basis,0.05,b0,0.24652130353714088
basis,0.05,b1,0.23512831666042389
basis,0.05,parity,0.19754995450520324
basis,0.05,weight,0.2326255938476884
basis,0.05,correlation,0.0881748314495437
basis,0.1,b0,0.21034735611091623
basis,0.1,b1,0.2570766337690067
basis,0.1,parity,0.1665708894309658
basis,0.1,weight,0.2762487181397928
basis,0.1,correlation,0.08975640254931866
basis,0.2,b0,0.2539693433413904
basis,0.2,b1,0.257607908826616
basis,0.2,parity,0.16138263861427832
basis,0.2,weight,0.21667256256927772
basis,0.2,correlation,0.11036754664843766
angle,0.0,b0,0.2829154944820156
angle,0.0,b1,0.2602601407725353
angle,0.0,parity,0.1310798573717076
angle,0.0,weight,0.2283440644545549
angle,0.0,correlation,0.09740044291918674
angle,0.05,b0,0.28165257490630774
angle,0.05,b1,0.23673014108529636
angle,0.05,parity,0.12189405147244761
angle,0.05,weight,0.25682387230887166
angle,0.05,correlation,0.10289936022707666
angle,0.1,b0,0.2840979791839248
angle,0.1,b1,0.29996625755003126
angle,0.1,parity,0.14025841709853318
angle,0.1,weight,0.1784693901986399
angle,0.1,correlation,0.09720795596887104
angle,0.2,b0,0.29202310744661897
angle,0.2,b1,0.26830755668116785
angle,0.2,parity,0.12475704271262605
angle,0.2,weight,0.2045984925643466
angle,0.2,correlation,0.1103138005952405
entangling,0.0,b0,0.2803047274963885
entangling,0.0,b1,0.1697791156363098
entangling,0.0,parity,0.23730536751741405
entangling,0.0,weight,0.21106108823545097
entangling,0.0,correlation,0.10154970111443663
entangling,0.05,b0,0.27144095675749197
entangling,0.05,b1,0.18568034209394452
entangling,0.05,parity,0.2457080215742299
entangling,0.05,weight,0.18543653294675902
entangling,0.05,correlation,0.11173414662757448
entangling,0.1,b0,0.23830673736811875
entangling,0.1,b1,0.1933217829386793
entangling,0.1,parity,0.25380626753604063
entangling,0.1,weight,0.20031680152796966
entangling,0.1,correlation,0.11424841062919162
entangling,0.2,b0,0.3272405225271152
entangling,0.2,b1,0.16673563575579867
entangling,0.2,parity,0.2098168291958347
entangling,0.2,weight,0.1543891035119543
entangling,0.2,correlation,0.14181790900929708
