encoder,noise,sample,feature,contribution,note
basis,0.2,10,b0,-0.0,(not flagged; shown for contrast)
basis,0.2,10,b1,0.4531855458234536,(not flagged; shown for contrast)
basis,0.2,10,parity,0.346152956755105,(not flagged; shown for contrast)
basis,0.2,10,weight,0.04318093087926678,(not flagged; shown for contrast)
basis,0.2,10,correlation,-0.0,(not flagged; shown for contrast)
angle,0.05,2,b0,0.2925638239309818,
angle,0.05,2,b1,-0.0,
angle,0.05,2,parity,0.18809738192222594,
angle,0.05,2,weight,0.031143780751894695,
angle,0.05,2,correlation,-0.0,
angle,0.05,6,b0,0.2925638239314313,
angle,0.05,6,b1,-0.0,
angle,0.05,6,parity,0.18809738191995987,
angle,0.05,6,weight,0.03114378075181906,
angle,0.05,6,correlation,-0.0,
angle,0.05,7,b0,-0.0,
angle,0.05,7,b1,0.2975738312300706,
angle,0.05,7,parity,0.19134661768912922,
angle,0.05,7,weight,0.02648574013863634,
angle,0.05,7,correlation,-0.0,
angle,0.1,0,b0,0.06039924601593452,
angle,0.1,0,b1,0.06439945330507255,
angle,0.1,0,parity,-0.0,
angle,0.1,0,weight,0.24959739864201724,
angle,0.1,0,correlation,0.13050530334022725,
angle,0.1,1,b0,0.06039924601860855,
angle,0.1,1,b1,0.06439945330138785,
angle,0.1,1,parity,-0.0,
angle,0.1,1,weight,0.2495973986399911,
angle,0.1,1,correlation,0.13050530334043392,
angle,0.1,2,b0,0.06039924601525909,
angle,0.1,2,b1,0.06439945330546351,
angle,0.1,2,parity,-0.0,
angle,0.1,2,weight,0.249597398641435,
angle,0.1,2,correlation,0.13050530334035432,
angle,0.2,0,b0,0.24843149975062442,
angle,0.2,0,b1,-0.0,
angle,0.2,0,parity,0.1452502694403327,
angle,0.2,0,weight,0.023290986075405168,
angle,0.2,0,correlation,-0.0,
angle,0.2,1,b0,0.06607826460631702,
angle,0.2,1,b1,0.058860523637996875,
angle,0.2,1,parity,-0.0,
angle,0.2,1,weight,0.24987757648861933,
angle,0.2,1,correlation,0.11666699326185455,
angle,0.2,2,b0,0.06607826460351215,
angle,0.2,2,b1,0.05886052364141109,
angle,0.2,2,parity,-0.0,
angle,0.2,2,weight,0.24987757648984196,
angle,0.2,2,correlation,0.11666699326175542,
entangling,0.05,0,b0,0.26363371305673877,
entangling,0.05,0,b1,-0.0,
entangling,0.05,0,parity,0.22901449817817218,
entangling,0.05,0,weight,0.04673758984080331,
entangling,0.05,0,correlation,-0.0,
entangling,0.05,1,b0,-0.0,
entangling,0.05,1,b1,0.24798360201906874,
entangling,0.05,1,parity,0.2109665489121572,
entangling,0.05,1,weight,0.013344097814959932,
entangling,0.05,1,correlation,-0.0,
entangling,0.05,2,b0,0.2636337130581906,
entangling,0.05,2,b1,-0.0,
entangling,0.05,2,parity,0.2290144981777947,
entangling,0.05,2,weight,0.0467375898413212,
entangling,0.05,2,correlation,-0.0,
entangling,0.1,0,b0,0.08193791436305048,
entangling,0.1,0,b1,0.019985728556977174,
entangling,0.1,0,parity,-0.0,
entangling,0.1,0,weight,0.20384728584005168,
entangling,0.1,0,correlation,0.1381852178995892,
entangling,0.1,1,b0,0.08193791436795161,
entangling,0.1,1,b1,0.01998572855073394,
entangling,0.1,1,parity,-0.0,
entangling,0.1,1,weight,0.2038472858373736,
entangling,0.1,1,correlation,0.13818521790060706,
entangling,0.1,2,b0,0.08193791436276826,
entangling,0.1,2,b1,0.019985728557056368,
entangling,0.1,2,parity,-0.0,
entangling,0.1,2,weight,0.20384728583964612,
entangling,0.1,2,correlation,0.13818521789969998,
entangling,0.2,0,b0,0.18458133947678798,
entangling,0.2,0,b1,-0.0,
entangling,0.2,0,parity,0.15683376056377252,
entangling,0.2,0,weight,0.03938978613867415,
entangling,0.2,0,correlation,-0.0,
entangling,0.2,1,b0,0.1845813394791572,
entangling,0.2,1,b1,-0.0,
entangling,0.2,1,parity,0.1568337605602041,
entangling,0.2,1,weight,0.039389786139675545,
entangling,0.2,1,correlation,-0.0,
entangling,0.2,2,b0,0.18458133947777003,
entangling,0.2,2,b1,-0.0,
entangling,0.2,2,parity,0.15683376056354378,
entangling,0.2,2,weight,0.03938978613900353,
entangling,0.2,2,correlation,-0.0,
