encoder,noise,accuracy,macro_precision,macro_recall,macro_f1,mean_fidelity
basis,0.0,1.0,1.0,1.0,1.0,1.0
basis,0.05,0.9745,0.974937280737931,0.9747519120642607,0.9745021771466915,0.974965625
basis,0.1,0.9508,0.9528145701737165,0.9510603789538414,0.9506683209727039,0.9502375
basis,0.2,0.903,0.9114369052056654,0.9037617702448211,0.9027946890524394,0.9017
angle,0.0,0.6677,0.6673407923708533,0.6676018097099083,0.6673467674244328,1.0
angle,0.05,0.637,0.6368175833157256,0.636900929179284,0.6366570177157584,0.950625
angle,0.1,0.6119,0.611499399632998,0.6116716711067418,0.611484174670107,0.9025
angle,0.2,0.5687,0.5682338780597092,0.5683577309901063,0.5682631568858733,0.81
entangling,0.0,0.6686,0.6682617547552173,0.6683749860931587,0.668235652551497,1.0
entangling,0.05,0.6201,0.6198668942287335,0.6199526191386456,0.6197996454827199,0.909902922483315
entangling,0.1,0.5915,0.5911387087762119,0.5913257872283615,0.5911133218255408,0.8270348857872246
entangling,0.2,0.5138,0.5137990800086577,0.5140209735395794,0.5136930818654355,0.6818575972933917
