encoder,noise,accuracy,acc_ci_lo,acc_ci_hi,mean_entropy,log_loss,errors,n
basis,0.0,1.0,1.0,1.0,0.013647180423969644,0.0016000345401783066,0,10000
basis,0.05,0.9745,0.9712975,0.9776025,0.157026194559387,0.1370231562837922,255,10000
basis,0.1,0.9508,0.9461975,0.9553,0.252539546921138,0.22586251165310942,492,10000
basis,0.2,0.903,0.8966975,0.9092025,0.3740047141020917,0.3686043694564465,970,10000
angle,0.0,0.6677,0.6561975,0.679,0.9823218014336959,0.9709511919225766,3323,10000
angle,0.05,0.637,0.625,0.6488075,1.0229562657854692,1.0264777736704662,3630,10000
angle,0.1,0.6119,0.6006975,0.6226025000000001,1.0703551835566498,1.0614998626178287,3881,10000
angle,0.2,0.5687,0.558095,0.5795025,1.1244243959107783,1.1278565882883556,4313,10000
entangling,0.0,0.6686,0.6578,0.680405,0.9991059144452838,0.9714063188431304,3314,10000
entangling,0.05,0.6201,0.6091,0.631,1.0641704260852014,1.058583607214324,3799,10000
entangling,0.1,0.5915,0.5816,0.6026025,1.1021245593923514,1.101265787094073,4085,10000
entangling,0.2,0.5138,0.5018,0.5236075,1.2250997962031036,1.2100105943370278,4862,10000
