encoder,noise,state_features,peak_posterior,frequency_pct,decision
basis,0.0,00000,0.9983881642203748,23.75,Bypassed
basis,0.0,01110,0.9984186015690503,25.2,Bypassed
basis,0.0,10110,0.9984008165029445,26.55,Bypassed
basis,0.0,11021,0.998396536793841,24.5,Bypassed
basis,0.05,00000,0.9606180323414099,25.14,Bypassed
basis,0.05,01110,0.9667819171811253,25.09,Bypassed
basis,0.05,10110,0.9716119555123445,26.43,Bypassed
basis,0.05,11021,0.9824633902747666,23.34,Bypassed
basis,0.1,00000,0.9312384098490103,26.25,Bypassed
basis,0.1,01110,0.9470558836503613,25.019999999999996,Bypassed
basis,0.1,10110,0.9402679520975448,26.700000000000003,Bypassed
basis,0.1,11021,0.9683204474165618,22.03,Bypassed
basis,0.2,00000,0.8872474549994527,29.099999999999998,Bypassed
basis,0.2,01110,0.8869831261701623,24.759999999999998,Bypassed
basis,0.2,10110,0.9139767526565605,26.26,Bypassed
basis,0.2,11021,0.9549338777467874,19.88,Bypassed
angle,0.0,00000,0.6707751426360729,24.64,Bypassed
angle,0.0,01110,0.6875307045449777,25.61,Bypassed
angle,0.0,10110,0.6748157522212346,25.740000000000002,Bypassed
angle,0.0,11021,0.6568253346860958,24.01,Bypassed
angle,0.05,00000,0.6697193824608203,24.990000000000002,Bypassed
angle,0.05,01110,0.6456161477953991,25.35,Triggered
angle,0.05,10110,0.6218611319970178,25.28,Triggered
angle,0.05,11021,0.6584655185146127,24.38,Bypassed
angle,0.1,00000,0.5956761871172045,24.84,Triggered
angle,0.1,01110,0.644463868449076,24.93,Triggered
angle,0.1,10110,0.6318047989019677,26.040000000000003,Triggered
angle,0.1,11021,0.6001069856195542,24.19,Triggered
angle,0.2,00000,0.6005645613818216,24.279999999999998,Triggered
angle,0.2,01110,0.5695491057933972,25.1,Triggered
angle,0.2,10110,0.5601374465673096,26.029999999999998,Triggered
angle,0.2,11021,0.5998491493653078,24.59,Triggered
entangling,0.0,00000,0.6540408904734804,24.69,Bypassed
entangling,0.0,01110,0.675318976229589,25.009999999999998,Bypassed
entangling,0.0,10110,0.6662942506126911,24.11,Bypassed
entangling,0.0,11021,0.6594311635505726,26.19,Bypassed
entangling,0.05,00000,0.6309735921554349,24.779999999999998,Triggered
entangling,0.05,01110,0.6429888200627283,24.54,Triggered
entangling,0.05,10110,0.6164059968128528,24.610000000000003,Triggered
entangling,0.05,11021,0.6062028921902295,26.07,Triggered
entangling,0.1,00000,0.6227211076000444,24.62,Triggered
entangling,0.1,01110,0.5863376793769497,25.46,Triggered
entangling,0.1,10110,0.6013827483453157,24.47,Triggered
entangling,0.1,11021,0.5870306813303129,25.45,Triggered
entangling,0.2,00000,0.521602679168634,25.03,Triggered
entangling,0.2,01110,0.5059663042480269,25.2,Triggered
entangling,0.2,10110,0.4941018141568766,24.81,Triggered
entangling,0.2,11021,0.5071453619897572,24.959999999999997,Triggered
