encoder,noise,mean,std,median,min,max,margin,flagged,rate_pct,note
basis,0.0,0.9984012448937625,1.1046841217614004e-05,0.9984008165029445,0.9983881642203748,0.9984186015690503,0.3483881642203748,0,0.0,
basis,0.05,0.9701689514834179,0.007851149697972121,0.9667819171811253,0.9606180323414099,0.9824633902747666,0.31061803234140983,0,0.0,
basis,0.1,0.9457760024505986,0.01326481616033938,0.9402679520975448,0.9312384098490103,0.9683204474165618,0.2812384098490103,0,0.0,
basis,0.2,0.9076571815882472,0.026112620679552875,0.8872474549994527,0.8869831261701623,0.9549338777467874,0.23698312617016226,0,0.0,
angle,0.0,0.6727569460593744,0.010904011116512844,0.6748157522212346,0.6568253346860958,0.6875307045449777,0.0068253346860958075,0,0.0,
angle,0.05,0.6487669547258014,0.017837151068299608,0.6456161477953991,0.6218611319970178,0.6697193824608203,,5063,50.629999999999995,Straddles
angle,0.1,0.6183186567397108,0.020624133050385792,0.6318047989019677,0.5956761871172045,0.644463868449076,0.005536131550924028,10000,100.0,
angle,0.2,0.5820805842280488,0.018037232277026295,0.5695491057933972,0.5601374465673096,0.6005645613818216,0.04943543861817845,10000,100.0,
entangling,0.0,0.6637285373695373,0.007949430313007945,0.6594311635505726,0.6540408904734804,0.675318976229589,0.00404089047348033,0,0.0,
entangling,0.05,0.6238793223891462,0.014045890203113618,0.6164059968128528,0.6062028921902295,0.6429888200627283,0.007011179937271739,10000,100.0,
entangling,0.1,0.5991531767791657,0.014737106107262444,0.5870306813303129,0.5863376793769497,0.6227211076000444,0.027278892399955623,10000,100.0,
entangling,0.2,0.5072308017113765,0.009740098257079612,0.5059663042480269,0.4941018141568766,0.521602679168634,0.128397320831366,10000,100.0,
