tau,full_configs,partial_configs,flagged,rate_pct,reduction_x
0.55,1,0,10000,8.333333333333334,12.0
0.58,1,1,15113,12.594166666666666,7.940183947594786
0.6,1,3,25147,20.955833333333334,4.77194098699646
0.62,2,3,37509,31.2575,3.1992321842757736
0.64,3,3,47581,39.65083333333333,2.5220150900569553
0.65,5,1,55063,45.88583333333333,2.1793218676788406
0.66,5,3,64990,54.15833333333333,1.8464379135251576
0.68,7,1,77439,64.5325,1.5496067872777284
0.7,8,0,80000,66.66666666666667,1.5
0.705,8,0,80000,66.66666666666667,1.5
0.75,8,0,80000,66.66666666666667,1.5
