encoder,noise,encoding_s_per_input,decoding_s_per_instance,decoding_std
basis,0.0,2.5337879538710694e-05,3.6738414199498952e-06,7.702017962666298e-08
basis,0.05,4.2352683038188845e-05,4.865097620058804e-06,1.7704106157707929e-06
basis,0.1,5.359484310611151e-05,4.016926120093558e-06,4.170903938770826e-07
basis,0.2,4.557220804417739e-05,4.1734512601397e-06,5.122311227749494e-07
angle,0.0,4.6590371512138516e-05,3.634494699799689e-06,3.039553666485085e-08
angle,0.05,8.502600746942335e-05,4.62130308005726e-06,4.3114201974243004e-07
angle,0.1,8.32187749183504e-05,4.7795924599631694e-06,5.978287631550339e-08
angle,0.2,8.065963540866506e-05,4.792594439932146e-06,5.0915109935395776e-08
entangling,0.0,4.972100601298734e-05,4.609673199884128e-06,4.362139070510386e-07
entangling,0.05,9.561781451338902e-05,3.6689386799116615e-06,3.227547826753356e-08
entangling,0.1,8.49746318963298e-05,4.79859456027043e-06,1.1147538145016761e-07
entangling,0.2,9.416471533404547e-05,4.4139166203967764e-06,5.184132191515367e-07
