variant,noise,bayes_accuracy
angle,0.0,0.6696310698261275
angle,0.05,0.6438367601118106
angle,0.1,0.6185490563157051
angle,0.2,0.5694934664781292
id_local,0.0,0.6696310698261275
id_local,0.05,0.6198014096149524
id_local,0.1,0.5743078363966083
id_local,0.2,0.49521948397752685
id_joint,0.0,0.6696310698261275
id_joint,0.05,0.624144922106221
id_joint,0.1,0.5816941506841342
id_joint,0.2,0.5055947731825029
cnot_none,0.0,0.6696310698261275
cnot_none,0.05,0.6438367601118105
cnot_none,0.1,0.6185490563157051
cnot_none,0.2,0.5694934664781292
cnot_local,0.0,0.6696310698261275
cnot_local,0.05,0.6169630552991989
cnot_local,0.1,0.5688026002936906
cnot_local,0.2,0.48522294046674014
cnot_joint,0.0,0.6696310698261275
cnot_joint,0.05,0.6241449221062209
cnot_joint,0.1,0.5816941506841342
cnot_joint,0.2,0.5055947731825029
