metric,contrast,noise,mean_diff,std,ci_lo,ci_hi,seeds_A_lower,n_seeds
accuracy,entanglement | no mid-noise   (cnot_none - angle),0.0,-0.00010000000000001119,0.005100326786916043,-0.0037485539897275733,0.003548553989727551,6,10
accuracy,entanglement | no mid-noise   (cnot_none - angle),0.05,0.0012700000000000044,0.00531811370067746,-0.0025343493625168247,0.005074349362516834,3,10
accuracy,entanglement | no mid-noise   (cnot_none - angle),0.1,-0.0014000000000000123,0.003911805493914848,-0.004198337074885986,0.001398337074885961,6,10
accuracy,entanglement | no mid-noise   (cnot_none - angle),0.2,2.9999999999996697e-05,0.00800916835743748,-0.005699413895574628,0.005759413895574622,6,10
accuracy,entanglement | local mid-noise (cnot_local - id_local),0.0,0.00017999999999998017,0.006069376684086551,-0.004161770525898667,0.004521770525898628,5,10
accuracy,entanglement | local mid-noise (cnot_local - id_local),0.05,-0.002540000000000009,0.0068353980620492446,-0.0074297492087454335,0.0023497492087454163,7,10
accuracy,entanglement | local mid-noise (cnot_local - id_local),0.1,-0.0021400000000000195,0.008250144779874399,-0.008041798043541,0.00376179804354096,6,10
accuracy,entanglement | local mid-noise (cnot_local - id_local),0.2,-0.013240000000000002,0.006541185757269945,-0.017919282404700008,-0.008560717595299996,10,10
accuracy,entanglement | joint mid-noise (cnot_joint - id_joint),0.0,-0.0017900000000000138,0.008626760689853406,-0.007961212835642904,0.004381212835642876,5,10
accuracy,entanglement | joint mid-noise (cnot_joint - id_joint),0.05,-9.999999999987797e-06,0.0072216418570232995,-0.00517605137486842,0.005156051374868445,4,10
accuracy,entanglement | joint mid-noise (cnot_joint - id_joint),0.1,-0.002739999999999998,0.004595698471880471,-0.006027564639618523,0.0005475646396185269,6,10
accuracy,entanglement | joint mid-noise (cnot_joint - id_joint),0.2,-0.00015000000000001124,0.00524854477186032,-0.003904582748846518,0.0036045827488464955,5,10
accuracy,joint noise on product state   (id_joint - angle),0.0,6.0000000000015594e-05,0.0073501625076517136,-0.005197989509855296,0.005317989509855328,6,10
accuracy,joint noise on product state   (id_joint - angle),0.05,-0.017880000000000017,0.006506202169212576,-0.022534256653387555,-0.013225743346612482,10,10
accuracy,joint noise on product state   (id_joint - angle),0.1,-0.035710000000000006,0.004916514121927354,-0.039227062330423036,-0.032192937669576975,10,10
accuracy,joint noise on product state   (id_joint - angle),0.2,-0.06334,0.009200748761800746,-0.06992181916685519,-0.05675818083314479,10,10
accuracy,local noise on product state   (id_local - angle),0.0,-0.0005899999999999794,0.005470009140760219,-0.004503008814565463,0.003323008814565504,5,10
accuracy,local noise on product state   (id_local - angle),0.05,-0.024469999999999992,0.004353810591501035,-0.02758452847391848,-0.021355471526081502,10,10
accuracy,local noise on product state   (id_local - angle),0.1,-0.046009999999999975,0.005522569852684343,-0.04996060848282312,-0.04205939151717683,10,10
accuracy,local noise on product state   (id_local - angle),0.2,-0.07148000000000002,0.009125154488798774,-0.07800774228161143,-0.0649522577183886,10,10
accuracy,"joint vs local noise, entangled (cnot_joint - cnot_local)",0.0,-0.001319999999999999,0.008112103440059318,-0.007123049217794817,0.004483049217794819,7,10
accuracy,"joint vs local noise, entangled (cnot_joint - cnot_local)",0.05,0.009119999999999994,0.006636565376759258,0.0043724871258094536,0.013867512874190534,1,10
accuracy,"joint vs local noise, entangled (cnot_joint - cnot_local)",0.1,0.009699999999999986,0.005792523917372588,0.0055562780127072576,0.013843721987292716,0,10
accuracy,"joint vs local noise, entangled (cnot_joint - cnot_local)",0.2,0.021229999999999992,0.006699261982570268,0.016437636675861622,0.02602236332413836,0,10
accuracy,ORIGINAL GAP                   (cnot_joint - angle),0.0,-0.0017299999999999982,0.005444681400739218,-0.00562489044082883,0.0021648904408288327,6,10
accuracy,ORIGINAL GAP                   (cnot_joint - angle),0.05,-0.017890000000000007,0.005905073148479105,-0.02211423485702647,-0.013665765142973543,10,10
accuracy,ORIGINAL GAP                   (cnot_joint - angle),0.1,-0.038450000000000005,0.0070106664764802845,-0.0434651286794072,-0.03343487132059281,10,10
accuracy,ORIGINAL GAP                   (cnot_joint - angle),0.2,-0.06349000000000002,0.01012603355492937,-0.07073372803360942,-0.056246271966390614,10,10
fidelity,entanglement | no mid-noise   (cnot_none - angle),0.0,0.0,0.0,0.0,0.0,0,10
fidelity,entanglement | no mid-noise   (cnot_none - angle),0.05,-0.005961134033147475,7.425350356725599e-05,-0.006014251789716829,-0.005908016276578121,10,10
fidelity,entanglement | no mid-noise   (cnot_none - angle),0.1,-0.011294780273331972,0.00014069084886432083,-0.011395424443673939,-0.011194136102990006,10,10
fidelity,entanglement | no mid-noise   (cnot_none - angle),0.2,-0.020079609374812533,0.00025011706464764905,-0.02025853234430934,-0.019900686405315726,10,10
fidelity,entanglement | local mid-noise (cnot_local - id_local),0.0,0.0,0.0,0.0,0.0,0,10
fidelity,entanglement | local mid-noise (cnot_local - id_local),0.05,-0.0169869867613213,0.00020456840232784486,-0.01713332618066991,-0.01684064734197269,10,10
fidelity,entanglement | local mid-noise (cnot_local - id_local),0.1,-0.030487846288796805,0.00035454093913796035,-0.03074146959805847,-0.03023422297953514,10,10
fidelity,entanglement | local mid-noise (cnot_local - id_local),0.2,-0.048165587499610085,0.0005202434944670156,-0.048537747276163376,-0.047793427723056794,10,10
fidelity,entanglement | joint mid-noise (cnot_joint - id_joint),0.0,0.0,0.0,0.0,0.0,0,10
fidelity,entanglement | joint mid-noise (cnot_joint - id_joint),0.05,-0.005663077331489974,7.054082838888446e-05,-0.005713539200230855,-0.005612615462749094,10,10
fidelity,entanglement | joint mid-noise (cnot_joint - id_joint),0.1,-0.010165302245998865,0.00012662176397782704,-0.01025588199930659,-0.010074722492691139,10,10
fidelity,entanglement | joint mid-noise (cnot_joint - id_joint),0.2,-0.0160636874998502,0.00020009365171808232,-0.01620682587544762,-0.01592054912425278,10,10
fidelity,joint noise on product state   (id_joint - angle),0.0,0.0,0.0,0.0,0.0,0,10
fidelity,joint noise on product state   (id_joint - angle),0.05,-0.03503125000000007,0.0,-0.03503125000000007,-0.03503125000000007,10,10
fidelity,joint noise on product state   (id_joint - angle),0.1,-0.06524999999999988,5.740627254109609e-17,-0.06524999999999992,-0.06524999999999984,10,10
fidelity,joint noise on product state   (id_joint - angle),0.2,-0.11199999999999988,0.0,-0.11199999999999988,-0.11199999999999988,10,10
fidelity,local noise on product state   (id_local - angle),0.0,0.0,0.0,0.0,0.0,0,10
fidelity,local noise on product state   (id_local - angle),0.05,-0.045748437500000017,0.0,-0.045748437500000017,-0.045748437500000017,10,10
fidelity,local noise on product state   (id_local - angle),0.1,-0.08347499999999992,5.740627254109609e-17,-0.08347499999999997,-0.08347499999999988,10,10
fidelity,local noise on product state   (id_local - angle),0.2,-0.13760000000000003,2.925694557147251e-17,-0.13760000000000006,-0.1376,10,10
fidelity,"joint vs local noise, entangled (cnot_joint - cnot_local)",0.0,0.0,0.0,0.0,0.0,0,10
fidelity,"joint vs local noise, entangled (cnot_joint - cnot_local)",0.05,0.02204109692983127,0.00013402757393896043,0.02194521937922354,0.022136974480439,0,10
fidelity,"joint vs local noise, entangled (cnot_joint - cnot_local)",0.1,0.03854754404279799,0.00022791917516013337,0.03838450048684405,0.03871058759875193,0,10
fidelity,"joint vs local noise, entangled (cnot_joint - cnot_local)",0.2,0.05770189999976007,0.00032014984274893323,0.0574728785988042,0.057930921400715936,0,10
fidelity,ORIGINAL GAP                   (cnot_joint - angle),0.0,0.0,0.0,0.0,0.0,0,10
fidelity,ORIGINAL GAP                   (cnot_joint - angle),0.05,-0.040694327331490046,7.054082838888446e-05,-0.040744789200230926,-0.04064386546274917,10,10
fidelity,ORIGINAL GAP                   (cnot_joint - angle),0.1,-0.07541530224599874,0.00012662176397783726,-0.07550588199930647,-0.07532472249269101,10,10
fidelity,ORIGINAL GAP                   (cnot_joint - angle),0.2,-0.12806368749985006,0.00020009365171808232,-0.1282068258754475,-0.12792054912425263,10,10
