seed_index,variant,noise,accuracy,ece,brier,fidelity
0,angle,0.0,0.6715,0.00819693501797547,0.5069767261822834,1.0
0,angle,0.05,0.6383,0.002366700489549789,0.5435343190592603,0.950625
0,angle,0.1,0.6199,0.012205060254963929,0.5620060064333681,0.9024999999999999
0,angle,0.2,0.5756,0.02029377824885297,0.602558134167841,0.81
0,id_local,0.0,0.6677,0.005056946059374456,0.5113775055155162,1.0
0,id_local,0.05,0.6127,0.03750072179018796,0.5695011216833916,0.9048765625
0,id_local,0.1,0.5668,0.0011470227767035324,0.6075326178710279,0.819025
0,id_local,0.2,0.4944,0.03519183620475697,0.6634388743311646,0.6724
0,id_joint,0.0,0.669,0.004233069680599777,0.5100631593978399,1.0
0,id_joint,0.05,0.6202,0.02629914251580222,0.5627146731139218,0.91559375
0,id_joint,0.1,0.5892,0.019748079544932136,0.5909562302142405,0.83725
0,id_joint,0.2,0.5093,0.008078996566094516,0.6555422481338794,0.6980000000000002
0,cnot_none,0.0,0.6671,0.014714882763997798,0.5137613475017301,1.0
0,cnot_none,0.05,0.6418,0.014253847619110638,0.539030834763838,0.9446346552455946
0,cnot_none,0.1,0.6197,0.002971804140770029,0.5600168543079143,0.8911498730969161
0,cnot_none,0.2,0.5729,0.009088836861105953,0.6031877461746368,0.7898219966167397
0,cnot_local,0.0,0.6684,0.009761275380184009,0.5102179106882911,1.0
0,cnot_local,0.05,0.6164,0.010030805980828061,0.5667027751079079,0.887809100201613
0,cnot_local,0.1,0.574,0.01016888876326838,0.6057206765813379,0.7883976802042283
0,cnot_local,0.2,0.4805,0.024739332090843537,0.6771438457606226,0.6240297529628184
0,cnot_joint,0.0,0.6781,0.002797349033074603,0.501359369002215,1.0
0,cnot_joint,0.05,0.6249,0.0016361021037731849,0.5576904998061847,0.909902922483315
0,cnot_joint,0.1,0.5821,0.03067400392747737,0.5997349339270966,0.8270348857872244
0,cnot_joint,0.2,0.5021,0.02996993433709052,0.6618302918847715,0.6818575972933917
1,angle,0.0,0.6636,0.018519681458096904,0.5165221744391997,1.0
1,angle,0.05,0.6451,0.017620926650336877,0.5355783155630562,0.950625
1,angle,0.1,0.6169,0.021935686451808323,0.5640673917157876,0.9025
1,angle,0.2,0.5776,0.02039673220520676,0.6002382014338371,0.81
1,id_local,0.0,0.667,0.006541285392460683,0.5121886837704663,1.0
1,id_local,0.05,0.6185,0.019175519210235945,0.5628268002348875,0.9048765625
1,id_local,0.1,0.5653,0.00572298727160081,0.6102391713078139,0.819025
1,id_local,0.2,0.4904,0.03611314949828815,0.667267106004419,0.6724
1,id_joint,0.0,0.669,0.00899487885218131,0.5108222404730026,1.0
1,id_joint,0.05,0.6219,0.01082021994495408,0.5595901419274576,0.91559375
1,id_joint,0.1,0.5854,0.02964787377707051,0.5951590176616203,0.83725
1,id_joint,0.2,0.4925,0.013519319066402217,0.6668867512145044,0.6980000000000002
1,cnot_none,0.0,0.6676,0.0050051405242906855,0.5120332768104389,1.0
1,cnot_none,0.05,0.6408,0.011039651224415858,0.540664722698083,0.9446654877074998
1,cnot_none,0.1,0.6195,0.024443387420290986,0.5634250228634832,0.8912082924984205
1,cnot_none,0.2,0.5684,0.02600056566653576,0.6074456350423331,0.7899258533305251
1,cnot_local,0.0,0.6685,0.004665313658385517,0.5102528983363227,1.0
1,cnot_local,0.05,0.6106,0.027902480578875677,0.5722913192932619,0.8878940436341615
1,cnot_local,0.1,0.5751,0.022241869964670147,0.6055715380826263,0.7885448970960193
1,cnot_local,0.2,0.4852,0.019888119818490903,0.673933518286505,0.6242457749274922
1,cnot_joint,0.0,0.6577,0.013930603602941183,0.5236940195512402,1.0
1,cnot_joint,0.05,0.6169,0.02861074268289998,0.5643331367899845,0.9099322133221249
1,cnot_joint,0.1,0.5835,0.01498032688973927,0.5960482049594282,0.8270874632485784
1,cnot_joint,0.2,0.4981,0.02397378906221026,0.6647506633545625,0.6819406826644201
2,angle,0.0,0.6683,0.00701617143257971,0.5101836244561581,1.0
2,angle,0.05,0.6415,0.020401296578091754,0.5386785419054233,0.950625
2,angle,0.1,0.6179,0.004775017629637279,0.5617344965721238,0.9024999999999999
2,angle,0.2,0.5676,0.007123577353694621,0.6070881340822675,0.81
2,id_local,0.0,0.672,0.0024311652074108445,0.505465961652626,1.0
2,id_local,0.05,0.6129,0.026577569455686345,0.5668172842972284,0.9048765625
2,id_local,0.1,0.5738,0.01210867310143173,0.6016754927226717,0.819025
2,id_local,0.2,0.4928,0.013628044366465584,0.6644239643632849,0.6724
2,id_joint,0.0,0.6749,0.0041825502002880155,0.5028118269447163,1.0
2,id_joint,0.05,0.6231,0.015169569930531868,0.5578939491543495,0.91559375
2,id_joint,0.1,0.5828,0.015397497107350545,0.5964192309730352,0.83725
2,id_joint,0.2,0.5068,0.01928926805471346,0.6574006273243607,0.6980000000000002
2,cnot_none,0.0,0.6676,0.007972577455896575,0.510683563297788,1.0
2,cnot_none,0.05,0.6456,0.006202960077648645,0.5349838557215639,0.9446598860074635
2,cnot_none,0.1,0.6183,0.025184474557710886,0.5635307771467356,0.8911976787509837
2,cnot_none,0.2,0.5674,0.0023855173031366306,0.6086927004463829,0.7899069844461931
2,cnot_local,0.0,0.6646,0.014157860242489512,0.5138110914471554,1.0
2,cnot_local,0.05,0.6232,0.010999246794392726,0.5589773340709095,0.8878786109505622
2,cnot_local,0.1,0.5686,0.005311657916867736,0.6084034782030442,0.7885181504524786
2,cnot_local,0.2,0.4899,0.028324056623124982,0.6710952549526694,0.6242065276480815
2,cnot_joint,0.0,0.662,0.024795573306969465,0.5177075046833682,1.0
2,cnot_joint,0.05,0.6197,0.0070117884954428574,0.561754022365792,0.9099268917070905
2,cnot_joint,0.1,0.579,0.0036773616420049393,0.5982843132398948,0.8270779108758852
2,cnot_joint,0.2,0.5062,0.008098651762680098,0.6560966224403553,0.6819255875569544
3,angle,0.0,0.6704,0.020203517775042937,0.5096488187028524,1.0
3,angle,0.05,0.6338,0.0017271250143231498,0.5464718988498094,0.950625
3,angle,0.1,0.6101,0.024371617006545318,0.5707004268386233,0.9025
3,angle,0.2,0.5625,0.018581511814001216,0.6123356659943872,0.81
3,id_local,0.0,0.6709,0.004861568401160278,0.508348338460854,1.0
3,id_local,0.05,0.6171,0.011957330536576046,0.5641158497442113,0.9048765625
3,id_local,0.1,0.5701,0.006400727258933259,0.60476041947981,0.819025
3,id_local,0.2,0.4962,0.019966254177198627,0.661383097725163,0.6724
3,id_joint,0.0,0.6602,0.006527074263153909,0.5194368950597215,1.0
3,id_joint,0.05,0.6334,0.01432355537756047,0.5486193911560715,0.91559375
3,id_joint,0.1,0.5796,0.016320513812266162,0.5998372539193071,0.83725
3,id_joint,0.2,0.5077,0.02523928825339303,0.6578910273178344,0.6980000000000002
3,cnot_none,0.0,0.6611,0.03261053885973911,0.5205435488064446,1.0
3,cnot_none,0.05,0.6318,0.031700709254523285,0.5502951716101857,0.9446338927295521
3,cnot_none,0.1,0.6144,0.02604665743183872,0.5674806747548042,0.8911484283296773
3,cnot_none,0.2,0.5659,0.0008442358823824714,0.6090290255169337,0.7898194281416488
3,cnot_local,0.0,0.6691,0.004838093920975894,0.5110804854124781,1.0
3,cnot_local,0.05,0.6132,0.026761087612496237,0.5701905889450274,0.8878069994699159
3,cnot_local,0.1,0.5702,0.008568319942879212,0.6097536560418317,0.7883940393907873
3,cnot_local,0.2,0.484,0.016464743474845403,0.6742491542302678,0.6240244105346298
3,cnot_joint,0.0,0.6583,0.01114059288349567,0.5214364731998696,1.0
3,cnot_joint,0.05,0.6207,0.027432444688534452,0.5621698956626351,0.9099021980930746
3,cnot_joint,0.1,0.5796,0.023420509589280512,0.6004803049450674,0.8270335854967098
3,cnot_joint,0.2,0.5091,0.011455575395410962,0.6561629914021055,0.6818555425133191
4,angle,0.0,0.6686,0.01818408611140136,0.5115692832872415,1.0
4,angle,0.05,0.6438,0.0061054133519043985,0.5374737972631068,0.950625
4,angle,0.1,0.6226,0.02167880416187018,0.5596873670421614,0.9025
4,angle,0.2,0.5714,0.04974998890430275,0.6078607528196021,0.81
4,id_local,0.0,0.6667,0.029381166481959937,0.5139436474661867,1.0
4,id_local,0.05,0.6227,0.018022194408398973,0.5599809502334421,0.9048765625
4,id_local,0.1,0.5782,0.05577704384179272,0.6037553492079898,0.819025
4,id_local,0.2,0.4969,0.027742219215737766,0.664851854488007,0.6724
4,id_joint,0.0,0.6649,0.02820140690658482,0.5149849615824189,1.0
4,id_joint,0.05,0.6272,0.005126449071952033,0.553975652458149,0.91559375
4,id_joint,0.1,0.5848,0.0574277463383276,0.599429387364004,0.83725
4,id_joint,0.2,0.5034,0.00821956974118794,0.6583587604045847,0.6980000000000002
4,cnot_none,0.0,0.6755,0.03146451235777472,0.5052210039999574,1.0
4,cnot_none,0.05,0.6453,0.015937420608793107,0.5370363572096185,0.9446287448883824
4,cnot_none,0.1,0.6152,0.008927002669534057,0.5655938339035467,0.891138674525356
4,cnot_none,0.2,0.5693,0.03467397648510665,0.6094473657450235,0.7898020880450773
4,cnot_local,0.0,0.6763,0.02310909165971331,0.5026841860749333,1.0
4,cnot_local,0.05,0.6148,0.01756217830034143,0.5693021254297269,0.8877928171674931
4,cnot_local,0.1,0.5684,0.024182697945383587,0.6133833386619971,0.788369459803897
4,cnot_local,0.2,0.4902,0.025659414548227438,0.6721524264330353,0.6239883431337607
4,cnot_joint,0.0,0.6717,0.0006481641467223076,0.5067399799656394,1.0
4,cnot_joint,0.05,0.6198,0.010856034797659841,0.5628205886975362,0.9098973076439634
4,cnot_joint,0.1,0.5761,0.028503757316272575,0.60532498250299,0.8270248070728204
4,cnot_joint,0.2,0.5039,0.05496113379950804,0.6639255664487353,0.6818416704360618
5,angle,0.0,0.6745,0.024857263569883357,0.5044739008317185,1.0
5,angle,0.05,0.6451,0.0008683116116393608,0.5350873901715658,0.950625
5,angle,0.1,0.6186,0.004529698897717341,0.561309885324558,0.9025
5,angle,0.2,0.5765,0.0042596748308225685,0.600073991624803,0.81
5,id_local,0.0,0.672,0.009092100107777612,0.5070023354883937,1.0
5,id_local,0.05,0.614,0.027197176170656534,0.5674545276715922,0.9048765625
5,id_local,0.1,0.5714,0.006855924757201204,0.6041576740651824,0.819025
5,id_local,0.2,0.5002,0.03430992168108943,0.6609523225525556,0.6724
5,id_joint,0.0,0.6702,0.019483505699203568,0.5108695609302717,1.0
5,id_joint,0.05,0.6253,0.027234649244301523,0.5574678180238541,0.91559375
5,id_joint,0.1,0.5856,0.016775919151571506,0.5953113127656832,0.83725
5,id_joint,0.2,0.5106,0.028689520550696037,0.6566734536468726,0.6980000000000002
5,cnot_none,0.0,0.6743,0.025985446426349135,0.5044191733647224,1.0
5,cnot_none,0.05,0.6533,0.003964687211369333,0.5264267887499621,0.9447701846326272
5,cnot_none,0.1,0.6172,0.020655632951718683,0.5637856505872861,0.8914066656197148
5,cnot_none,0.2,0.5662,0.014803239323623839,0.6103296280574445,0.7902785166572709
5,cnot_local,0.0,0.6651,0.00960152798765923,0.5149284950608825,1.0
5,cnot_local,0.05,0.6186,0.006004462473198524,0.5627518902548944,0.8881824836628882
5,cnot_local,0.1,0.5697,0.0018803262509362595,0.6097301131169608,0.7890447973616812
5,cnot_local,0.2,0.4858,0.009267220364378936,0.6730984517100379,0.6249793146471232
5,cnot_joint,0.0,0.6769,0.030938915575063897,0.504712097331903,1.0
5,cnot_joint,0.05,0.6285,0.005840237532448445,0.5541164397916207,0.910031675400996
5,cnot_joint,0.1,0.5886,0.01483839278601564,0.5919590881254577,0.8272659990577432
5,cnot_joint,0.2,0.5086,0.03145414085522613,0.6591760690882739,0.6822228133258166
6,angle,0.0,0.672,0.024443005513516785,0.5074628221757884,1.0
6,angle,0.05,0.6449,0.009087931375187486,0.5392582253300752,0.950625
6,angle,0.1,0.622,0.015041850861923882,0.5601224650592991,0.9025
6,angle,0.2,0.5662,0.020578679092452812,0.6112267229709949,0.81
6,id_local,0.0,0.6655,0.00233152785214108,0.5138949505218036,1.0
6,id_local,0.05,0.6168,0.04881094872882266,0.5679963621987181,0.9048765625
6,id_local,0.1,0.5763,0.02496720957975107,0.6015505833226229,0.819025
6,id_local,0.2,0.5013,0.020501067864305382,0.6579901992746016,0.6724
6,id_joint,0.0,0.6687,0.02253863250619762,0.5114767675041199,1.0
6,id_joint,0.05,0.6251,0.024355636553243798,0.5584554699148875,0.91559375
6,id_joint,0.1,0.582,0.018727788042123213,0.5979455428672713,0.83725
6,id_joint,0.2,0.5054,0.03342255971053962,0.6603750452620037,0.6980000000000002
6,cnot_none,0.0,0.6703,0.0005046548247217286,0.5100778600335087,1.0
6,cnot_none,0.05,0.6348,0.020027849192276848,0.5461497455706978,0.9447175567375705
6,cnot_none,0.1,0.6163,0.017156663941943446,0.5644139183829892,0.8913069496080283
6,cnot_none,0.2,0.5744,0.00016586868031920332,0.6016917850400236,0.790101243747606
6,cnot_local,0.0,0.663,0.007284925275407472,0.5167916030033556,1.0
6,cnot_local,0.05,0.6116,0.04050444130767472,0.5730828878179723,0.8880374938120069
6,cnot_local,0.1,0.5692,0.0029616729880135306,0.6085641978568367,0.7887935130122312
6,cnot_local,0.2,0.478,0.011221861976303486,0.6775169868849596,0.6246105869950201
6,cnot_joint,0.0,0.6689,0.028665499090446803,0.5133258200468129,1.0
6,cnot_joint,0.05,0.6274,0.00959950577694546,0.5545257831891246,0.909981678900692
6,cnot_joint,0.1,0.5738,0.013464266828343341,0.6043488474425565,0.8271762546472256
6,cnot_joint,0.2,0.509,0.011461728344782568,0.6566200476374313,0.6820809949980847
7,angle,0.0,0.6615,0.01894761816900592,0.5199366929245691,1.0
7,angle,0.05,0.6359,0.026930750899220146,0.5459532049794283,0.950625
7,angle,0.1,0.6162,0.020978094724460994,0.5643268965597692,0.9025
7,angle,0.2,0.5573,0.021219829163298454,0.6156552186415495,0.81
7,id_local,0.0,0.6641,0.013570088549087922,0.5148081785813116,1.0
7,id_local,0.05,0.6123,0.007457718983139072,0.5674694254456214,0.9048765625
7,id_local,0.1,0.5672,0.010209704704668643,0.6084636594816035,0.819025
7,id_local,0.2,0.5017,0.01521708941281221,0.6588973827036884,0.6724
7,id_joint,0.0,0.6635,0.0002984573868783924,0.5165306395737912,1.0
7,id_joint,0.05,0.6176,0.011936033853481187,0.5641610118773082,0.91559375
7,id_joint,0.1,0.5797,0.008834281570382685,0.5992080829887579,0.83725
7,id_joint,0.2,0.5007,0.01679566332345627,0.6601220627663771,0.6980000000000002
7,cnot_none,0.0,0.6678,0.0020772800046954254,0.512309401304794,1.0
7,cnot_none,0.05,0.6407,0.02145982562065582,0.5406636344726249,0.9445058134408264
7,cnot_none,0.1,0.6141,0.006875240366801316,0.5662193097678756,0.8909057517826184
7,cnot_none,0.2,0.5604,0.010634297860189657,0.6126248075457814,0.7893880031690996
7,cnot_local,0.0,0.6678,0.012120976029998398,0.5108602233050588,1.0
7,cnot_local,0.05,0.6009,0.011386535487141726,0.5802556634514502,0.8874541410294768
7,cnot_local,0.1,0.5743,0.03615401492710579,0.6081351773571693,0.7877824944921987
7,cnot_local,0.2,0.4834,0.011697104482678133,0.6758732236388847,0.6231270465917272
7,cnot_joint,0.0,0.6593,0.025557927580517226,0.5216745810825087,1.0
7,cnot_joint,0.05,0.6209,0.01754928945016787,0.5595486389539805,0.9097805227687852
7,cnot_joint,0.1,0.5745,0.020564206785173338,0.6039071452851248,0.8268151766043568
7,cnot_joint,0.2,0.5082,0.005093488190537787,0.6561671188823917,0.6815104025352797
8,angle,0.0,0.6666,0.009921523072335403,0.5121782457644353,1.0
8,angle,0.05,0.6442,0.01791289151907849,0.5367412922879777,0.950625
8,angle,0.1,0.6204,0.0037915749925846454,0.5614815535186929,0.9024999999999999
8,angle,0.2,0.5756,0.014050124649166437,0.6010520143382144,0.81
8,id_local,0.0,0.6752,0.015638128352587537,0.5032104488804485,1.0
8,id_local,0.05,0.6236,0.007981993051486391,0.5571564456357362,0.9048765625
8,id_local,0.1,0.5703,0.025875952957630836,0.6074528470796605,0.819025
8,id_local,0.2,0.5076,0.014269545894745298,0.6547406746649834,0.6724
8,id_joint,0.0,0.6819,0.00868874331810987,0.4959668637706514,1.0
8,id_joint,0.05,0.6211,0.010436878425426621,0.5599771026907449,0.91559375
8,id_joint,0.1,0.5739,0.009913098780567339,0.6046016889044975,0.83725
8,id_joint,0.2,0.5129,0.00898441467850394,0.6527933849403503,0.6980000000000002
8,cnot_none,0.0,0.6688,0.006774957405523141,0.5099531480691103,1.0
8,cnot_none,0.05,0.6475,0.014735663802306034,0.5339340586423128,0.9447497354945308
8,cnot_none,0.1,0.6144,0.004122333707460846,0.5666881831304931,0.891367919884374
8,cnot_none,0.2,0.5698,0.005748387314189474,0.6058336100982215,0.7902096353499983
8,cnot_local,0.0,0.6706,0.012984827940604916,0.5085954396570944,1.0
8,cnot_local,0.05,0.6168,0.02376905661227153,0.566296370440447,0.8881261462874321
8,cnot_local,0.1,0.5642,0.002607634007901871,0.613344749828837,0.7889471581086225
8,cnot_local,0.2,0.4894,0.00369480914447785,0.6703287164489271,0.6248360415279963
8,cnot_joint,0.0,0.6678,0.01624359848507051,0.5123110578795625,1.0
8,cnot_joint,0.05,0.6232,0.02272707065355778,0.559221349683882,0.9100122487198041
8,cnot_joint,0.1,0.5742,0.00018946516292828175,0.6038094667942329,0.8272311278959367
8,cnot_joint,0.2,0.5035,0.02074828705157765,0.6597649013747003,0.6821677082799986
9,angle,0.0,0.6679,0.011050380503046964,0.5120284832755664,1.0
9,angle,0.05,0.6353,0.01861595971021357,0.5458926247398431,0.950625
9,angle,0.1,0.6142,0.012992891441994014,0.5659079409831367,0.9024999999999999
9,angle,0.2,0.5607,0.018399603670133935,0.6137629067005816,0.81
9,id_local,0.0,0.6579,0.025598730812801458,0.5228818175604534,1.0
9,id_local,0.05,0.6126,0.014247134468884344,0.5679100660840197,0.9048765625
9,id_local,0.1,0.5793,0.02064160264645751,0.5984122378592901,0.819025
9,id_local,0.2,0.4947,0.03442112543735712,0.6645966939319584,0.6724
9,id_joint,0.0,0.6632,0.00024315510656447437,0.5166647684647634,1.0
9,id_joint,0.05,0.6142,0.02551149403727193,0.5683933421733423,0.91559375
9,id_joint,0.1,0.5787,0.021240066161528685,0.6009995209914725,0.83725
9,id_joint,0.2,0.5083,0.012925033606819736,0.6561830608214819,0.6980000000000002
9,cnot_none,0.0,0.6638,0.023615355457072065,0.5166364126639251,1.0
9,cnot_none,0.05,0.639,0.015480071692806852,0.5420057770089397,0.9446727027844783
9,cnot_none,0.1,0.6157,0.02072201058289065,0.5653868604973419,0.8912219631705904
9,cnot_none,0.2,0.5766,0.01830098907579502,0.6011087731035112,0.7899501567477162
9,cnot_local,0.0,0.6674,0.0026464885416493944,0.5134203675799632,1.0
9,cnot_local,0.05,0.6117,0.01447713294820041,0.5709288829574715,0.8879139211712376
9,cnot_local,0.1,0.5636,0.02454525112734183,0.6157131322066035,0.7885793471898878
9,cnot_local,0.2,0.4774,0.010400370334859028,0.6763328657272967,0.6242963260352496
9,cnot_joint,0.0,0.6669,0.004366476975288247,0.5131529963530114,1.0
9,cnot_joint,0.05,0.627,0.02340611629532552,0.5552329621411114,0.9099390676452543
9,cnot_joint,0.1,0.5829,0.017609272209131555,0.5980242682800827,0.8270997668535314
9,cnot_joint,0.2,0.5074,0.03304358498740037,0.6591109345356867,0.681960125398173
