variant,noise,n_seeds,accuracy_mean,accuracy_std,accuracy_lo,accuracy_hi,ece_mean,ece_std,ece_lo,ece_hi,brier_mean,brier_std,brier_lo,brier_hi,fidelity_mean,fidelity_std,fidelity_lo,fidelity_hi
angle,0.0,10,0.66849,0.003914204900104245,0.6656899464933262,0.6712900535066738,0.01613401826228848,0.006583451528190476,0.011424500746474296,0.020843535778102662,0.5110980772039813,0.0045559888965484565,0.5078389190833097,0.5143572353246528,1.0,0.0,1.0,1.0
angle,0.05,10,0.64079,0.00452583939421432,0.6375524095340347,0.6440275904659652,0.012163730719954502,0.00924387037907073,0.00555106420638859,0.01877639723352041,0.5404669610149547,0.004538017455709597,0.5372206588885975,0.543713263141312,0.9506250000000002,1.1702778228589004e-16,0.950625,0.9506250000000003
angle,0.1,10,0.6178800000000001,0.003772061034029612,0.6151816300895642,0.620578369910436,0.01423002964235059,0.007902142010282281,0.008577177783334248,0.019882881501366932,0.563134443004752,0.0032910207554616034,0.5607801885796397,0.5654886974298643,0.9024999999999999,9.064933036736789e-17,0.9024999999999997,0.9025
angle,0.2,10,0.5690999999999999,0.007309202722899704,0.5638713113550341,0.5743286886449658,0.019465349993193253,0.012192002746449208,0.010743716630907502,0.028186983355479006,0.6071851742774078,0.0059272461351526475,0.6029450778212384,0.6114252707335772,0.8100000000000002,1.1702778228589004e-16,0.81,0.8100000000000003
id_local,0.0,10,0.6679,0.004926120853842983,0.6643760654275573,0.6714239345724428,0.01145027072167618,0.009557824977968723,0.004613014617627339,0.01828752682572502,0.511312186789806,0.005653138781232872,0.5072681749222404,0.5153561986573715,1.0,0.0,1.0,1.0
id_local,0.05,10,0.61632,0.0042094602451568175,0.6133087335432181,0.6193312664567818,0.021892830680407427,0.013332060340604256,0.01235564924493856,0.031430012115876295,0.5651228833228849,0.0040166013714585625,0.5622495797932807,0.567996186852489,0.9048765624999999,1.1702778228589004e-16,0.9048765624999998,0.9048765625
id_local,0.1,10,0.57187,0.0048890012613348145,0.5683726191844048,0.5753673808155951,0.016970684889617133,0.016065624833773922,0.0054780292160431475,0.02846334056319112,0.6048000052397673,0.003653643349174218,0.6021863462379817,0.6074136642415529,0.8190250000000001,1.1702778228589004e-16,0.819025,0.8190250000000002
id_local,0.2,10,0.49762000000000006,0.005090688667666803,0.493978340705438,0.5012616592945621,0.02513602537527565,0.009403846420915137,0.01840891889538649,0.03186313185516481,0.6618542170039825,0.0038039814161521285,0.659133012627754,0.664575421380211,0.6723999999999999,1.1702778228589004e-16,0.6723999999999998,0.6724
id_joint,0.0,10,0.66855,0.006314577490924377,0.6640328233835803,0.6730671766164197,0.010339147391976175,0.009709687166991388,0.003393255622254148,0.017285039161698202,0.5109627683701297,0.0070231346611250136,0.5059387204887319,0.5159868162515274,1.0,0.0,1.0,1.0
id_joint,0.05,10,0.6229100000000001,0.00531965955468747,0.6191045448001415,0.6267154551998586,0.017121362895452574,0.008000199776468764,0.011398364736210677,0.02284436105469447,0.5591248552490086,0.005443501500198682,0.5552308088581798,0.5630189016398374,0.9155937499999999,1.1702778228589004e-16,0.9155937499999998,0.91559375
id_joint,0.1,10,0.58217,0.004372909024131801,0.5790418093304058,0.5852981906695941,0.021403286428612035,0.013940271321699943,0.011431017067529175,0.03137555578969489,0.597986726864989,0.0037545895514495596,0.5953008553002742,0.6006725984297038,0.83725,0.0,0.83725,0.83725
id_joint,0.2,10,0.5057600000000001,0.005824889126269566,0.5015931253370097,0.5099268746629905,0.017516363355180677,0.008984540898075497,0.011089209976766493,0.02394351673359486,0.6582226421832249,0.0037613953027193447,0.655531902077339,0.6609133822891108,0.6980000000000002,0.0,0.6980000000000002,0.6980000000000002
cnot_none,0.0,10,0.66839,0.004304635744042568,0.665310649092811,0.6714693509071891,0.015072534608006038,0.012338689112585309,0.006245968140693085,0.023899101075318993,0.5115638735852419,0.004816944828745585,0.5081180388363191,0.5150097083341647,1.0,0.0,1.0,1.0
cnot_none,0.05,10,0.6420600000000001,0.0062343492933192995,0.6376002151787907,0.6465197848212094,0.015480268630390643,0.007889528714074678,0.009836439779923465,0.02112409748085782,0.5391190946447826,0.006640509238055363,0.5343687605021776,0.5438694287873875,0.9446638659668526,7.425350356725599e-05,0.9446107482102832,0.9447169837234219
cnot_none,0.1,10,0.6164799999999999,0.002105970349057938,0.6149734795670319,0.617986520432968,0.01571052077709596,0.00909917123504856,0.00920136579549435,0.022219675758697568,0.564654108534247,0.002136595486059618,0.5631256801980286,0.5661825368704655,0.8912052197266679,0.0001406908488643106,0.8911045755563259,0.8913058638970098
cnot_none,0.2,10,0.56913,0.004678805640569204,0.5657829840733244,0.5724770159266757,0.012264591445238466,0.011369277634323697,0.004131500173627189,0.020397682716849743,0.6069391076770292,0.003867752983145145,0.6041722838699477,0.6097059314841107,0.7899203906251875,0.0002501170646476491,0.7897414676556906,0.7900993135946843
cnot_local,0.0,10,0.66808,0.0036904682027563305,0.6654399980848931,0.670720001915107,0.010117038063706766,0.005955133431279972,0.005856992237663857,0.014377083889749676,0.5112642700565535,0.003918166779429039,0.5084613823921441,0.5140671577209629,1.0,0.0,1.0,1.0
cnot_local,0.05,10,0.61378,0.005910593126845314,0.6095518163883284,0.6180081836116715,0.018939742809542102,0.010637816282490949,0.01132990746741502,0.026549578151669185,0.5690779837769069,0.0058825621274535165,0.5648698523342315,0.5732861152195823,0.8878895757386788,0.00020456840232784486,0.8877432363193302,0.8880359151580274
cnot_local,0.1,10,0.56973,0.003939275173034855,0.5669120123004507,0.5725479876995492,0.013862233383436834,0.011979675695360317,0.005292489643471907,0.02243197712340176,0.6098320057937244,0.003352235941679023,0.6074339606624013,0.6122300509250476,0.7885371537112031,0.00035454093913796035,0.7882835304019414,0.7887907770204649
cnot_local,0.2,10,0.48438,0.0046882358681657275,0.48102623809488826,0.4877337619051117,0.016135703285822967,0.008206781096324736,0.010264925752777565,0.02200648081886837,0.6741724444073206,0.0025191599842851664,0.6723703459153173,0.6759745428993239,0.6242344125003899,0.0005202434944670156,0.6238622527238367,0.6246065722769432
cnot_joint,0.0,10,0.66676,0.007404683202766568,0.661463008734376,0.672056991265624,0.01590847006795899,0.011182832436363465,0.007908753656293633,0.023908186479624345,0.5136113899096132,0.007624469341278791,0.5081571731119678,0.5190656067072585,1.0,0.0,1.0,1.0
cnot_joint,0.05,10,0.6228999999999999,0.003904413457158999,0.6201069508696564,0.6256930491303434,0.01546693324767554,0.00970195480547787,0.00852657287616167,0.02240729361918941,0.5591413317081851,0.0036605330357777836,0.5565227441215077,0.5617599192948626,0.90993067266851,7.054082838888446e-05,0.9098802107997691,0.9099811345372509
cnot_joint,0.1,10,0.57943,0.004881723284069082,0.5759378255357034,0.5829221744642966,0.01679215631363668,0.009744060073515016,0.009821675647854692,0.02376263697941867,0.6001921555501932,0.0042700181405353164,0.5971375685847413,0.6032467425156451,0.8270846977540012,0.00012662176397782704,0.8269941180006934,0.8271752775073089
cnot_joint,0.2,10,0.5056099999999999,0.0036357637131389383,0.5030091313193285,0.5082108686806713,0.02302603137864244,0.015120077351868941,0.012209779626172352,0.033842283131112524,0.6593605207049015,0.003246162227168126,0.6570383561377956,0.6616826852720074,0.68193631250015,0.0002000936517180823,0.6817931741245525,0.6820794508757474
